{"cameraMode":{"drawMode":0,"name":"Shaded","section":"Shading Mode"},"sceneLighting":false,"audioPlay":false,"sceneViewState":{"m_AlwaysRefresh":false,"showFog":true,"showSkybox":false,"showFlares":true,"showImageEffects":true,"showParticleSystems":true,"showVisualEffectGraphs":true,"m_FxEnabled":true},"in2DMode":false,"pivot":{"x":-7.556787490844727,"y":0.46661651134490969,"z":21.120656967163087},"rotation":{"x":0.2341645210981369,"y":0.0174984373152256,"z":-0.004215413238853216,"w":0.9720304608345032},"size":2.1341352462768556,"orthographic":true}