{"cameraMode":{"drawMode":0,"name":"Shaded","section":"Shading Mode"},"sceneLighting":false,"audioPlay":false,"sceneViewState":{"m_AlwaysRefresh":false,"showFog":true,"showSkybox":false,"showFlares":true,"showImageEffects":true,"showParticleSystems":true,"showVisualEffectGraphs":true,"m_FxEnabled":true},"in2DMode":false,"pivot":{"x":0.013557016849517823,"y":0.7490854263305664,"z":-0.03863862156867981},"rotation":{"x":-0.14672937989234925,"y":-0.7448021173477173,"z":0.17424090206623078,"w":-0.6272023916244507},"size":1.4906227588653565,"orthographic":false}