{"cameraMode":{"drawMode":0,"name":"Shaded","section":"Shading Mode"},"sceneLighting":false,"audioPlay":false,"sceneViewState":{"m_AlwaysRefresh":false,"showFog":true,"showSkybox":false,"showFlares":true,"showImageEffects":true,"showParticleSystems":true,"showVisualEffectGraphs":true,"m_FxEnabled":true},"in2DMode":false,"pivot":{"x":-10.730788230895996,"y":-0.23990200459957124,"z":10.093592643737793},"rotation":{"x":0.14290344715118409,"y":0.007422877941280603,"z":-0.001071904320269823,"w":0.9897094964981079},"size":0.7524049282073975,"orthographic":true}