{"cameraMode":{"drawMode":0,"name":"Shaded","section":"Shading Mode"},"sceneLighting":false,"audioPlay":false,"sceneViewState":{"m_AlwaysRefresh":false,"showFog":true,"showSkybox":false,"showFlares":true,"showImageEffects":true,"showParticleSystems":true,"showVisualEffectGraphs":true,"m_FxEnabled":true},"in2DMode":false,"pivot":{"x":-11.785204887390137,"y":1.0661141872406006,"z":11.203519821166993},"rotation":{"x":0.2341645210981369,"y":0.0174984373152256,"z":-0.004215413238853216,"w":0.9720304608345032},"size":2.9730639457702638,"orthographic":true}