{"cameraMode":{"drawMode":0,"name":"Shaded","section":"Shading Mode"},"sceneLighting":false,"audioPlay":false,"sceneViewState":{"m_AlwaysRefresh":false,"showFog":true,"showSkybox":false,"showFlares":true,"showImageEffects":true,"showParticleSystems":true,"showVisualEffectGraphs":true,"m_FxEnabled":true},"in2DMode":false,"pivot":{"x":-0.0009216666221618652,"y":4.499853134155273,"z":-0.004011273384094238},"rotation":{"x":0.2341645210981369,"y":0.0174984373152256,"z":-0.004215413238853216,"w":0.9720304608345032},"size":1.6728957891464234,"orthographic":true}