{"cameraMode":{"drawMode":0,"name":"Shaded","section":"Shading Mode"},"sceneLighting":true,"audioPlay":false,"sceneViewState":{"m_AlwaysRefresh":false,"showFog":true,"showSkybox":true,"showFlares":true,"showImageEffects":true,"showParticleSystems":true,"showVisualEffectGraphs":true,"m_FxEnabled":true},"in2DMode":false,"pivot":{"x":-3.7785792350769045,"y":2.6234476566314699,"z":13.578747749328614},"rotation":{"x":0.32138460874557497,"y":-0.06102072447538376,"z":0.02075832709670067,"w":0.9447545409202576},"size":7.584608554840088,"orthographic":true}